"","Parameter","Median","CI","CI_low","CI_high","pd","ROPE_CI","ROPE_low","ROPE_high","ROPE_Percentage","Rhat","ESS"
"5","r_residing_country[Belarus,Intercept]",-0.615236354048961,0.95,-0.88398656155731,-0.340620234084327,1,0.95,-0.0982697202330337,0.0982697202330337,0,1.00035187361667,2112.7514829833
"8","r_residing_country[Bolivia,Intercept]",0.312714523981485,0.95,0.109293765990963,0.499105981949443,0.999,0.95,-0.0982697202330337,0.0982697202330337,0,1.00311969562137,1174.16742775673
"11","r_residing_country[Bosnia.and.Herzegovina,Intercept]",0.0530006282779676,0.95,-0.155030601454848,0.241450515877014,0.70325,0.95,-0.0982697202330337,0.0982697202330337,0.636674559326493,1.00131059054627,1226.78020796756
"14","r_residing_country[Brazil,Intercept]",0.0634253996375456,0.95,-0.10324475943448,0.24692180809968,0.757,0.95,-0.0982697202330337,0.0982697202330337,0.644304130491976,1.00308804426947,954.402364472496
"17","r_residing_country[Bulgaria,Intercept]",-0.480739005388462,0.95,-0.630288294744349,-0.317723919848034,1,0.95,-0.0982697202330337,0.0982697202330337,0,1.00546087727007,759.887191376566
"20","r_residing_country[Colombia,Intercept]",0.344721448359708,0.95,0.206540719261226,0.490059418712752,1,0.95,-0.0982697202330337,0.0982697202330337,0,1.00400338322682,647.898919633223
"23","r_residing_country[Costa.Rica,Intercept]",0.176301576111737,0.95,0.00681696499767084,0.345757931184659,0.976,0.95,-0.0982697202330337,0.0982697202330337,0.174427782162589,1.00409847523278,877.542986544133
"26","r_residing_country[Czech.Republic,Intercept]",-0.64559265705581,0.95,-0.796557327641634,-0.502504364087012,1,0.95,-0.0982697202330337,0.0982697202330337,0,1.00365106384515,664.224935850688
"29","r_residing_country[Denmark,Intercept]",-0.199301668772968,0.95,-0.463158668325173,0.0625077294194544,0.932,0.95,-0.0982697202330337,0.0982697202330337,0.218363588529334,1.00155973405819,1757.95742369541
"32","r_residing_country[Ecuador,Intercept]",0.3881241185579,0.95,0.238849096742028,0.547982069522244,1,0.95,-0.0982697202330337,0.0982697202330337,0,1.00421719562954,735.612577506006
"35","r_residing_country[Estonia,Intercept]",-0.0718313949403165,0.95,-0.240411414036526,0.0770429782511305,0.81,0.95,-0.0982697202330337,0.0982697202330337,0.63325440673507,1.00561817874825,782.993555335151
"38","r_residing_country[Finland,Intercept]",-0.0102165199127356,0.95,-0.152683589560589,0.121256810387383,0.561,0.95,-0.0982697202330337,0.0982697202330337,0.876611418047882,1.00533570519908,589.507695796074
"41","r_residing_country[Germany,Intercept]",-0.085430753875122,0.95,-0.27802595662689,0.0937268956023874,0.81575,0.95,-0.0982697202330337,0.0982697202330337,0.549329123914759,1.00081899133815,982.827657454451
"44","r_residing_country[Guatemala,Intercept]",0.280434755308201,0.95,0.115860177476817,0.420996718181305,0.99975,0.95,-0.0982697202330337,0.0982697202330337,0,1.00444259771554,710.846752161434
"47","r_residing_country[Honduras,Intercept]",0.456489373309052,0.95,0.269309322492318,0.631783471780214,1,0.95,-0.0982697202330337,0.0982697202330337,0,1.00322295051042,1052.2878069788
"50","r_residing_country[Hong.Kong.(S.A.R.),Intercept]",-0.177123940825475,0.95,-0.453445485697186,0.107466111428277,0.89175,0.95,-0.0982697202330337,0.0982697202330337,0.275453827940016,1.00034297025441,2432.41868055713
"53","r_residing_country[Ireland,Intercept]",0.102493526979706,0.95,-0.0625809643398613,0.263269105401242,0.87675,0.95,-0.0982697202330337,0.0982697202330337,0.4796106287819,1.00308501938795,837.904136410216
"56","r_residing_country[Italy,Intercept]",-0.0137133483201113,0.95,-0.168432069481272,0.135645512483095,0.57475,0.95,-0.0982697202330337,0.0982697202330337,0.827150749802684,1.00601014703504,685.858480756611
"59","r_residing_country[Japan,Intercept]",-0.118811180092967,0.95,-0.242062379948616,0.0163559455788792,0.96675,0.95,-0.0982697202330337,0.0982697202330337,0.3770060510392,1.00633463373435,547.617019968358
"62","r_residing_country[Kazakhstan,Intercept]",-0.758477241448422,0.95,-1.06380207818109,-0.44187267645342,1,0.95,-0.0982697202330337,0.0982697202330337,0,1.00048453305574,2275.67832334909
"65","r_residing_country[Kyrgyzstan,Intercept]",-0.525191942528499,0.95,-0.729423438240385,-0.328661289304733,1,0.95,-0.0982697202330337,0.0982697202330337,0,1.00106105554714,1217.75881871666
"68","r_residing_country[Lebanon,Intercept]",0.204775858357523,0.95,-0.0139081584121246,0.411770759850782,0.96675,0.95,-0.0982697202330337,0.0982697202330337,0.154959221257564,1.00052533569967,1408.64411790891
"71","r_residing_country[Malaysia,Intercept]",0.389291041873368,0.95,0.192058195270885,0.599298725044685,0.99975,0.95,-0.0982697202330337,0.0982697202330337,0,1.00194948019144,1402.87718650782
"74","r_residing_country[Maldives,Intercept]",0.382374775064193,0.95,0.107818810732318,0.65215868302393,0.99725,0.95,-0.0982697202330337,0.0982697202330337,0,1.00209179847586,1991.38702187804
"77","r_residing_country[Nepal,Intercept]",0.516946204573483,0.95,0.187765619749753,0.850646661169794,0.9985,0.95,-0.0982697202330337,0.0982697202330337,0,1.00118172471235,2853.60301893186
"80","r_residing_country[New.Zealand,Intercept]",0.252341256320136,0.95,-0.0626245758448785,0.557924626091974,0.94675,0.95,-0.0982697202330337,0.0982697202330337,0.142857142857143,1.00041856917274,2918.33894867236
"83","r_residing_country[Norway,Intercept]",-0.00792500884190885,0.95,-0.170890890791834,0.148298229263674,0.53775,0.95,-0.0982697202330337,0.0982697202330337,0.80531439094975,1.00430616459523,796.206672950701
"86","r_residing_country[Other,Intercept]",-0.702717167119389,0.95,-1.05010269343637,-0.380317264301179,1,0.95,-0.0982697202330337,0.0982697202330337,0,1.00038121602771,2381.85022024928
"89","r_residing_country[Pakistan,Intercept]",0.453920811151908,0.95,0.168130598061699,0.765197891423246,0.99875,0.95,-0.0982697202330337,0.0982697202330337,0,1.0019545527681,2016.07254036452
"92","r_residing_country[Portugal,Intercept]",0.186530731972065,0.95,0.0147388178599811,0.362382743615734,0.98175,0.95,-0.0982697202330337,0.0982697202330337,0.136016837674296,1.00247776058125,942.21551896044
"95","r_residing_country[Russian.Federation,Intercept]",-0.942652689808238,0.95,-1.07512832498639,-0.810099879612198,1,0.95,-0.0982697202330337,0.0982697202330337,0,1.0054833852247,570.916325453456
"98","r_residing_country[Slovakia,Intercept]",-0.282292014527749,0.95,-0.432279893063738,-0.117255831777122,1,0.95,-0.0982697202330337,0.0982697202330337,0,1.00310250799036,744.225642203701
"101","r_residing_country[South.Africa,Intercept]",0.20041309229704,0.95,-0.0849085683136352,0.458439454245213,0.9295,0.95,-0.0982697202330337,0.0982697202330337,0.229939489607998,1.00032182264445,2615.46889298103
"104","r_residing_country[Spain,Intercept]",0.0315566898034021,0.95,-0.121923705398848,0.171710860203828,0.65725,0.95,-0.0982697202330337,0.0982697202330337,0.799789529071297,1.00626246695688,638.686098820573
"107","r_residing_country[Sweden,Intercept]",0.21737797696387,0.95,-0.020193721427765,0.480814799166071,0.95625,0.95,-0.0982697202330337,0.0982697202330337,0.158116285188108,1.00153569902998,1790.7559794179
"110","r_residing_country[Switzerland,Intercept]",-0.310339305485907,0.95,-0.448531289531064,-0.15998835558954,1,0.95,-0.0982697202330337,0.0982697202330337,0,1.00589130578154,628.777432081047
"113","r_residing_country[Taiwan,Intercept]",0.29903064290639,0.95,0.110205156622232,0.459948590853402,0.9995,0.95,-0.0982697202330337,0.0982697202330337,0,1.00655558740112,845.161563334938
"116","r_residing_country[Turkey,Intercept]",0.263845418404455,0.95,0.000831608300707712,0.534732283298497,0.97925,0.95,-0.0982697202330337,0.0982697202330337,0.0918179426466719,1.0004032943126,2047.06127589882
"119","r_residing_country[Uganda,Intercept]",0.094899360806535,0.95,-0.169581278195357,0.371200624535379,0.76,0.95,-0.0982697202330337,0.0982697202330337,0.455406471981058,1.00137146923072,2163.086920099
"122","r_residing_country[Ukraine,Intercept]",0.049392591339634,0.95,-0.120143672415277,0.221950616524634,0.72425,0.95,-0.0982697202330337,0.0982697202330337,0.699552749276506,1.00440210303859,824.652331782232
"125","r_residing_country[United.Kingdom.of.Great.Britain.and.Northern.Ireland,Intercept]",0.14985120447876,0.95,-0.043322320413382,0.347513973011417,0.92825,0.95,-0.0982697202330337,0.0982697202330337,0.297290186792949,1.00271562234225,1077.62159234075
"128","r_residing_country[United.States.of.America,Intercept]",0.0119842838741554,0.95,-0.20238277296952,0.242932575831697,0.5425,0.95,-0.0982697202330337,0.0982697202330337,0.633517495395948,1.00074360817124,1520.94273923898
"131","r_residing_country[Uruguay,Intercept]",-0.0451240512264137,0.95,-0.221389942374132,0.106853784251327,0.71675,0.95,-0.0982697202330337,0.0982697202330337,0.721126019468561,1.00474884510123,766.243994526624
"4","r_residing_country[Belarus,anti]",-0.0808784223288032,0.95,-0.24532133664133,0.0629307381745698,0.8435,0.95,-0.0982697202330337,0.0982697202330337,0.583267561168114,0.99970485003138,3433.59516991441
"7","r_residing_country[Bolivia,anti]",0.00763317371554018,0.95,-0.129634485267774,0.137828911818954,0.55275,0.95,-0.0982697202330337,0.0982697202330337,0.89950013154433,0.999991674334876,4079.1715256759
"10","r_residing_country[Bosnia.and.Herzegovina,anti]",-0.0111578334152794,0.95,-0.13923398664218,0.120543000194261,0.564,0.95,-0.0982697202330337,0.0982697202330337,0.90370955011839,1.00039007673032,4620.32532598586
"13","r_residing_country[Brazil,anti]",0.0412695690272091,0.95,-0.0489627533196743,0.136622672887581,0.809,0.95,-0.0982697202330337,0.0982697202330337,0.903446461457511,1.00012599721488,4982.72609760414
"16","r_residing_country[Bulgaria,anti]",-0.11612620952384,0.95,-0.206731504166851,-0.029771613961257,0.99675,0.95,-0.0982697202330337,0.0982697202330337,0.350697184951329,0.999954161864128,3959.14837824427
"19","r_residing_country[Colombia,anti]",0.0135600396435028,0.95,-0.0676673442389277,0.0983284332335663,0.626,0.95,-0.0982697202330337,0.0982697202330337,0.999210734017364,0.999193985170498,6722.24615555212
"22","r_residing_country[Costa.Rica,anti]",-0.00284073591696265,0.95,-0.106266729515191,0.0992077920659713,0.52275,0.95,-0.0982697202330337,0.0982697202330337,0.986056300973428,0.999335754334049,6302.45824289588
"25","r_residing_country[Czech.Republic,anti]",0.00667742850681488,0.95,-0.0886583912162602,0.109764392617672,0.54925,0.95,-0.0982697202330337,0.0982697202330337,0.983951591686398,0.999547031121469,5648.15858545943
"28","r_residing_country[Denmark,anti]",-0.103096614365121,0.95,-0.24441475397433,0.0272237574282137,0.9405,0.95,-0.0982697202330337,0.0982697202330337,0.476716653512234,1.00036495495742,5191.72435642095
"31","r_residing_country[Ecuador,anti]",0.0719803259854031,0.95,-0.0350036215461172,0.182410763118066,0.915,0.95,-0.0982697202330337,0.0982697202330337,0.693764798737174,0.999436217669364,6691.90680158055
"34","r_residing_country[Estonia,anti]",0.0262832786089589,0.95,-0.0778950532469152,0.142514526279718,0.6725,0.95,-0.0982697202330337,0.0982697202330337,0.903446461457511,0.99945791836688,4060.52860371963
"37","r_residing_country[Finland,anti]",-0.0777274778465928,0.95,-0.146211246801085,-0.00141390789067006,0.98375,0.95,-0.0982697202330337,0.0982697202330337,0.721915285451197,0.99958881822417,3711.76369879453
"40","r_residing_country[Germany,anti]",-0.00565991087428825,0.95,-0.122586982358809,0.107124445656753,0.53925,0.95,-0.0982697202330337,0.0982697202330337,0.953170218363589,0.999883790630942,5469.13713902431
"43","r_residing_country[Guatemala,anti]",-0.036737363241733,0.95,-0.13774580475507,0.0513084420142402,0.7855,0.95,-0.0982697202330337,0.0982697202330337,0.913443830570902,0.999377816732648,4836.64673587394
"46","r_residing_country[Honduras,anti]",0.081470020970111,0.95,-0.0243479331195744,0.198297625557868,0.93475,0.95,-0.0982697202330337,0.0982697202330337,0.615890555117074,1.00011424846938,6023.21554875292
"49","r_residing_country[Hong.Kong.(S.A.R.),anti]",0.0311390155347401,0.95,-0.119764522780508,0.19443026809931,0.665,0.95,-0.0982697202330337,0.0982697202330337,0.80110497237569,0.999834294043779,5366.82552181518
"52","r_residing_country[Ireland,anti]",0.0143892227096939,0.95,-0.0802525731689695,0.108742024539209,0.614,0.95,-0.0982697202330337,0.0982697202330337,0.976848197842673,0.999305792390591,5960.06756138674
"55","r_residing_country[Italy,anti]",0.0147407277977376,0.95,-0.0770817344322033,0.114634467183391,0.60525,0.95,-0.0982697202330337,0.0982697202330337,0.972901867929492,0.999273680609999,4761.61879172579
"58","r_residing_country[Japan,anti]",0.0232204240751926,0.95,-0.0306138114361428,0.0776500653836992,0.7915,0.95,-0.0982697202330337,0.0982697202330337,1,0.999545842844694,3718.1939054549
"61","r_residing_country[Kazakhstan,anti]",0.00733681870292062,0.95,-0.144927401602736,0.16669546280597,0.5395,0.95,-0.0982697202330337,0.0982697202330337,0.829255459089713,0.999870765608038,5296.31650892822
"64","r_residing_country[Kyrgyzstan,anti]",-0.0500316712797463,0.95,-0.153875432865042,0.0415044078130139,0.8445,0.95,-0.0982697202330337,0.0982697202330337,0.841357537490134,1.00016842327991,4644.1255128148
"67","r_residing_country[Lebanon,anti]",-0.0016384992513604,0.95,-0.130150863892851,0.123083077056953,0.5095,0.95,-0.0982697202330337,0.0982697202330337,0.925282820310445,1.00022483016167,6221.53108574909
"70","r_residing_country[Malaysia,anti]",0.0508602525052545,0.95,-0.0903694717456722,0.183473550769013,0.77775,0.95,-0.0982697202330337,0.0982697202330337,0.784004209418574,0.99975393122336,7358.51335394058
"73","r_residing_country[Maldives,anti]",0.0200707839031045,0.95,-0.108297837432206,0.158136922188571,0.6205,0.95,-0.0982697202330337,0.0982697202330337,0.88108392528282,0.999644564677224,7788.73807430223
"76","r_residing_country[Nepal,anti]",0.0178446844935241,0.95,-0.144074818958351,0.165768674984522,0.5955,0.95,-0.0982697202330337,0.0982697202330337,0.822678242567745,0.9998887856178,5444.47547925226
"79","r_residing_country[New.Zealand,anti]",0.0293741942794955,0.95,-0.119637138285649,0.184691599340641,0.6495,0.95,-0.0982697202330337,0.0982697202330337,0.81347013943699,0.999158343224178,7818.62692594143
"82","r_residing_country[Norway,anti]",-0.159445502566041,0.95,-0.256964622069398,-0.0573828962178179,0.99925,0.95,-0.0982697202330337,0.0982697202330337,0.0962904498816101,1.00007471972351,3005.5589590049
"85","r_residing_country[Other,anti]",0.0512987341438949,0.95,-0.106178727993483,0.224602027181276,0.74325,0.95,-0.0982697202330337,0.0982697202330337,0.720336753485925,1.00119002743469,2472.56628392196
"88","r_residing_country[Pakistan,anti]",0.0734636296212905,0.95,-0.0650169102009624,0.224936927671329,0.85975,0.95,-0.0982697202330337,0.0982697202330337,0.636411470665614,0.999250148892906,5519.03545143138
"91","r_residing_country[Portugal,anti]",-0.00541570651320746,0.95,-0.114334804896501,0.0970836728825407,0.543,0.95,-0.0982697202330337,0.0982697202330337,0.974480399894765,0.999577626496198,6111.18636307232
"94","r_residing_country[Russian.Federation,anti]",0.0227429308274385,0.95,-0.0281326619446306,0.0700603321864812,0.818,0.95,-0.0982697202330337,0.0982697202330337,1,0.999377953118822,3440.09570072665
"97","r_residing_country[Slovakia,anti]",-0.147152982237486,0.95,-0.25673752380577,-0.0387652099223177,0.99675,0.95,-0.0982697202330337,0.0982697202330337,0.182057353328072,0.999516874691918,3517.72750309101
"100","r_residing_country[South.Africa,anti]",0.0647835934244148,0.95,-0.0632160216567931,0.199705438861723,0.85175,0.95,-0.0982697202330337,0.0982697202330337,0.709287029729019,0.999312902619282,6611.95412064867
"103","r_residing_country[Spain,anti]",0.0514528402020242,0.95,-0.0246425180339741,0.127573301943553,0.9035,0.95,-0.0982697202330337,0.0982697202330337,0.897921599579058,0.99943505976904,3928.58147890846
"106","r_residing_country[Sweden,anti]",-0.0126522453762897,0.95,-0.141794213414869,0.115233709560278,0.58525,0.95,-0.0982697202330337,0.0982697202330337,0.915811628518811,1.00020909367212,5088.49341382058
"109","r_residing_country[Switzerland,anti]",-0.0549509161045243,0.95,-0.141731051981014,0.0207757532962266,0.91425,0.95,-0.0982697202330337,0.0982697202330337,0.861352275716917,0.999313287747261,4648.47245564421
"112","r_residing_country[Taiwan,anti]",0.0292240073378539,0.95,-0.100962724078651,0.151840678783524,0.679,0.95,-0.0982697202330337,0.0982697202330337,0.87897921599579,1.00029549439258,5812.58799569176
"115","r_residing_country[Turkey,anti]",0.00211639559391659,0.95,-0.135981343462595,0.138004254667301,0.513,0.95,-0.0982697202330337,0.0982697202330337,0.881873191265456,0.999380314342776,6725.20347056626
"118","r_residing_country[Uganda,anti]",0.0144774997243745,0.95,-0.109780156862786,0.134400225076588,0.596,0.95,-0.0982697202330337,0.0982697202330337,0.919757958431992,0.999497212748903,7237.36251512408
"121","r_residing_country[Ukraine,anti]",0.0651448526898742,0.95,-0.0129988252222031,0.143497657332729,0.9495,0.95,-0.0982697202330337,0.0982697202330337,0.810576164167324,0.999306355469073,4069.31650613897
"124","r_residing_country[United.Kingdom.of.Great.Britain.and.Northern.Ireland,anti]",-0.00181264901464681,0.95,-0.117219910458298,0.116676303843282,0.5135,0.95,-0.0982697202330337,0.0982697202330337,0.95290712970271,1.00005868287789,6588.00284226427
"127","r_residing_country[United.States.of.America,anti]",0.0631657265348983,0.95,-0.0590952515940812,0.193763280703879,0.84625,0.95,-0.0982697202330337,0.0982697202330337,0.724283083399106,0.999511246644806,4329.77050325883
"130","r_residing_country[Uruguay,anti]",-0.0577304342562103,0.95,-0.164277496059466,0.0485328766222003,0.86125,0.95,-0.0982697202330337,0.0982697202330337,0.791370691923178,0.999490264464713,5613.91365897608
"6","r_residing_country[Belarus,trust_7]",-0.0687260984779121,0.95,-0.283142683035646,0.142229551434076,0.73625,0.95,-0.0982697202330337,0.0982697202330337,0.579584319915812,0.999590893827265,4256.97413535052
"9","r_residing_country[Bolivia,trust_7]",-0.232933784027048,0.95,-0.387702839686027,-0.0952234903980314,0.999,0.95,-0.0982697202330337,0.0982697202330337,0.00342015259142331,0.99980223188149,3882.93157680855
"12","r_residing_country[Bosnia.and.Herzegovina,trust_7]",-0.163786334695238,0.95,-0.305819242575834,-0.0272857634443112,0.98975,0.95,-0.0982697202330337,0.0982697202330337,0.161273349118653,1.00116993635925,3302.32316552939
"15","r_residing_country[Brazil,trust_7]",-0.200867112073773,0.95,-0.348329188984092,-0.0573705591830289,0.999,0.95,-0.0982697202330337,0.0982697202330337,0.0634043672717706,0.999515911021803,4667.12750596471
"18","r_residing_country[Bulgaria,trust_7]",0.0656426289318009,0.95,-0.0367621525808245,0.172248451450821,0.897,0.95,-0.0982697202330337,0.0982697202330337,0.735332807156012,0.999845452152714,2710.77723142689
"21","r_residing_country[Colombia,trust_7]",-0.0858425033267591,0.95,-0.185038918202679,0.017867794564605,0.94675,0.95,-0.0982697202330337,0.0982697202330337,0.599315969481715,1.00129756167799,2487.12175994743
"24","r_residing_country[Costa.Rica,trust_7]",0.040096994000528,0.95,-0.122223405369618,0.178304596134442,0.7045,0.95,-0.0982697202330337,0.0982697202330337,0.775848460931334,1.00042662863111,4001.82096900629
"27","r_residing_country[Czech.Republic,trust_7]",0.196845211080649,0.95,0.0829764369170624,0.312475394399793,0.99975,0.95,-0.0982697202330337,0.0982697202330337,0.0210470928702973,1.00074085953146,2591.49644214584
"30","r_residing_country[Denmark,trust_7]",0.155605014610624,0.95,-0.0705228586689614,0.426433850997315,0.89425,0.95,-0.0982697202330337,0.0982697202330337,0.301762694027887,1.00080583220245,4675.71948429783
"33","r_residing_country[Ecuador,trust_7]",-0.0719256447423167,0.95,-0.198567791520968,0.0756665430787083,0.849,0.95,-0.0982697202330337,0.0982697202330337,0.673243883188635,0.999995659275169,4156.95508770966
"36","r_residing_country[Estonia,trust_7]",0.206155640376516,0.95,0.0817190354864667,0.3351975086288,0.999,0.95,-0.0982697202330337,0.0982697202330337,0.0244672454617206,1.000483456999,3985.61597013384
"39","r_residing_country[Finland,trust_7]",0.201160472707707,0.95,0.112481089153155,0.292917060593923,1,0.95,-0.0982697202330337,0.0982697202330337,0,1.00138592667873,2306.96466279013
"42","r_residing_country[Germany,trust_7]",0.188556011859521,0.95,0.0402556055983564,0.35614996360406,0.99125,0.95,-0.0982697202330337,0.0982697202330337,0.0978689818468824,0.999926844142631,4306.1864949132
"45","r_residing_country[Guatemala,trust_7]",-0.0817274096679931,0.95,-0.195660944239187,0.0296709182090066,0.92125,0.95,-0.0982697202330337,0.0982697202330337,0.61273349118653,1.00133043882771,3029.10090062009
"48","r_residing_country[Honduras,trust_7]",-0.217866510934097,0.95,-0.331162338831387,-0.100406816491097,0.9995,0.95,-0.0982697202330337,0.0982697202330337,0,1.00178742389935,2927.22023707578
"51","r_residing_country[Hong.Kong.(S.A.R.),trust_7]",0.125473657727783,0.95,-0.0952519479295063,0.351519041306664,0.86125,0.95,-0.0982697202330337,0.0982697202330337,0.390160484083136,1.00099222829785,5748.69926710619
"54","r_residing_country[Ireland,trust_7]",0.0590703816849217,0.95,-0.0823225692074266,0.205971644718006,0.784,0.95,-0.0982697202330337,0.0982697202330337,0.704288345172323,0.999624889950413,4314.19288081996
"57","r_residing_country[Italy,trust_7]",0.165872817543029,0.95,0.0537681056114981,0.278435500001917,0.99675,0.95,-0.0982697202330337,0.0982697202330337,0.0970797158642463,0.999943780482185,2819.01634730424
"60","r_residing_country[Japan,trust_7]",-0.128656671612736,0.95,-0.200718953536083,-0.0584737313328373,0.99975,0.95,-0.0982697202330337,0.0982697202330337,0.187056037884767,1.00297560974344,1433.27660575917
"63","r_residing_country[Kazakhstan,trust_7]",0.0694636588589767,0.95,-0.13378212058833,0.27529753871109,0.75475,0.95,-0.0982697202330337,0.0982697202330337,0.584583004472507,0.999795258358493,4054.97543749582
"66","r_residing_country[Kyrgyzstan,trust_7]",-0.0376705183731555,0.95,-0.151221077808085,0.0755122154321334,0.7365,0.95,-0.0982697202330337,0.0982697202330337,0.872401999473823,1.0002574038879,3737.63856754413
"69","r_residing_country[Lebanon,trust_7]",-0.109756676222193,0.95,-0.274595259787386,0.0474747130778631,0.91475,0.95,-0.0982697202330337,0.0982697202330337,0.438305709023941,1.00019582097225,5078.73313056211
"72","r_residing_country[Malaysia,trust_7]",-0.133194954575492,0.95,-0.309889917071186,0.0553547403328373,0.92725,0.95,-0.0982697202330337,0.0982697202330337,0.349907918968692,1.00022109652596,6527.95884483902
"75","r_residing_country[Maldives,trust_7]",-0.0841715609247875,0.95,-0.271691833216,0.123163219714886,0.79075,0.95,-0.0982697202330337,0.0982697202330337,0.544856616679821,0.999688767106096,5265.13606283277
"78","r_residing_country[Nepal,trust_7]",-0.174682129695834,0.95,-0.400947535855863,0.0518582822464471,0.93625,0.95,-0.0982697202330337,0.0982697202330337,0.24993422783478,0.999401706632109,5092.04500428225
"81","r_residing_country[New.Zealand,trust_7]",-0.137281599343794,0.95,-0.403030971220327,0.118169339836462,0.85925,0.95,-0.0982697202330337,0.0982697202330337,0.367534859247566,0.999444286418034,6922.73094534182
"84","r_residing_country[Norway,trust_7]",-0.0448197607401698,0.95,-0.181739452332945,0.0882504731243441,0.738,0.95,-0.0982697202330337,0.0982697202330337,0.79294922388845,1.00025910573072,2924.95317140593
"87","r_residing_country[Other,trust_7]",0.302920793594107,0.95,0.0599792902938579,0.53837571781022,0.99625,0.95,-0.0982697202330337,0.0982697202330337,0.0215732701920547,1.00005746558844,3263.31578936594
"90","r_residing_country[Pakistan,trust_7]",-0.0560367972142886,0.95,-0.251197956676598,0.136132527241097,0.71325,0.95,-0.0982697202330337,0.0982697202330337,0.636674559326493,1.00006922046518,5209.1848836228
"93","r_residing_country[Portugal,trust_7]",-0.0348847155299434,0.95,-0.17389482167237,0.098890373139682,0.6935,0.95,-0.0982697202330337,0.0982697202330337,0.82794001578532,0.99990086670342,4993.99315049818
"96","r_residing_country[Russian.Federation,trust_7]",0.0441000218484437,0.95,-0.023759861176019,0.112312256283873,0.89525,0.95,-0.0982697202330337,0.0982697202330337,0.962115232833465,1.00298711516141,1608.49780288874
"99","r_residing_country[Slovakia,trust_7]",0.0554738288100579,0.95,-0.0684465972455483,0.165334619114373,0.81025,0.95,-0.0982697202330337,0.0982697202330337,0.78900289397527,1.00103276234826,3068.52720707006
"102","r_residing_country[South.Africa,trust_7]",0.0168020938866193,0.95,-0.238752193152784,0.293426392245056,0.54625,0.95,-0.0982697202330337,0.0982697202330337,0.549329123914759,0.99946812074131,6069.48998982359
"105","r_residing_country[Spain,trust_7]",0.174117328994258,0.95,0.0524209973454917,0.289319612283841,0.99875,0.95,-0.0982697202330337,0.0982697202330337,0.0897132333596422,1.00176089209155,2999.72482257907
"108","r_residing_country[Sweden,trust_7]",-0.162647214566461,0.95,-0.365062714177716,0.0366736527751761,0.9435,0.95,-0.0982697202330337,0.0982697202330337,0.263351749539595,1.00028055201868,5702.09699135533
"111","r_residing_country[Switzerland,trust_7]",0.130218599336702,0.95,0.018847745763901,0.239920684130377,0.98975,0.95,-0.0982697202330337,0.0982697202330337,0.266771902131018,1.00072622452906,3364.90977293636
"114","r_residing_country[Taiwan,trust_7]",-0.194136073280085,0.95,-0.346990904609206,-0.0336628287801329,0.99275,0.95,-0.0982697202330337,0.0982697202330337,0.0976058931860037,1.00149966775516,4996.00664186281
"117","r_residing_country[Turkey,trust_7]",-0.0541307583701934,0.95,-0.25342174458083,0.12328729587712,0.71575,0.95,-0.0982697202330337,0.0982697202330337,0.653249144961852,1.00018974440551,5725.45365307893
"120","r_residing_country[Uganda,trust_7]",-0.032584220176956,0.95,-0.227263432755538,0.158189559768152,0.633,0.95,-0.0982697202330337,0.0982697202330337,0.705603788476717,1.00028213549832,5458.26828963845
"123","r_residing_country[Ukraine,trust_7]",0.176742803589591,0.95,0.0615572716250533,0.290917843163494,0.99925,0.95,-0.0982697202330337,0.0982697202330337,0.0662983425414365,1.00111319112918,3162.103495784
"126","r_residing_country[United.Kingdom.of.Great.Britain.and.Northern.Ireland,trust_7]",-0.0457511113132253,0.95,-0.219107020429032,0.148980354653858,0.694,0.95,-0.0982697202330337,0.0982697202330337,0.70297290186793,0.999398491826538,4888.23575693081
"129","r_residing_country[United.States.of.America,trust_7]",0.148704707130309,0.95,-0.0539984904120494,0.389362258609929,0.9235,0.95,-0.0982697202330337,0.0982697202330337,0.307024467245462,0.999322619239235,4816.63980404919
"132","r_residing_country[Uruguay,trust_7]",0.0392551586253897,0.95,-0.0984567192291784,0.173852390613405,0.7155,0.95,-0.0982697202330337,0.0982697202330337,0.815048671402263,1.00044169967958,4341.80289999101
"134","sd_residing_country__Intercept",0.385332162149245,0.95,0.30110617921312,0.480769763797304,1,0.95,-0.0982697202330337,0.0982697202330337,0,1.00361863916107,1113.43322574125
"133","sd_residing_country__anti",0.0849478204973658,0.95,0.0518489970153126,0.122645442475067,1,0.95,-0.0982697202330337,0.0982697202330337,0.77453301762694,1.0007295213649,1461.82189413467
"135","sd_residing_country__trust_7",0.167357565418229,0.95,0.122566709248297,0.220547802775538,1,0.95,-0.0982697202330337,0.0982697202330337,0,1.00012561034142,1505.46662611886
"2","cor_residing_country__Intercept__anti",0.232805246741793,0.95,-0.17777009169554,0.600717525011386,0.85025,0.95,-0.0982697202330337,0.0982697202330337,0.208366219415943,1.00143687091524,2890.63452954503
"3","cor_residing_country__Intercept__trust_7",-0.472095903093005,0.95,-0.730816425536059,-0.165621560380391,0.996,0.95,-0.0982697202330337,0.0982697202330337,0,1.00136192531389,1970.33653850039
"1","cor_residing_country__anti__trust_7",0.0207674872163516,0.95,-0.434594199131103,0.500225565301091,0.5315,0.95,-0.0982697202330337,0.0982697202330337,0.305445935280189,1.00941216646948,611.651525553469
